lon,lat,distance_km,x_santiago_km,relief_m,resolution
-80.0,-33.45891,0.0,-866.2236284564098,-3700.273400000001,01m
-79.97843665768194,-33.45891,2.0003851754195687,-864.2232432774014,-3729.0068862533653,01m
-79.95687331536388,-33.45891,4.0007703508391375,-862.2228580983931,-3756.780363342328,01m
-79.93530997304582,-33.45891,6.001155526258707,-860.2224729193846,-3763.977521832886,01m
-79.91374663072776,-33.45891,8.001540701678275,-858.2220877403763,-3743.610299191359,01m
-79.8921832884097,-33.45891,10.001925877099024,-856.2217025613678,-3731.4934172506805,01m
-79.87061994609165,-33.45891,12.002311052517413,-854.2213173823608,-3742.2248859838255,01m
-79.84905660377359,-33.45891,14.002696227936982,-852.2209322033523,-3745.5704169811265,01m
-79.82749326145553,-33.45891,16.00308140335655,-850.220547024344,-3754.1736272237304,01m
-79.80592991913747,-33.45891,18.00346657877612,-848.2201618453355,-3729.1663835579548,01m
-79.78436657681941,-33.45891,20.00385175419569,-846.2197766663272,-3733.4576708894856,01m
-79.76280323450135,-33.45891,22.00423692961644,-844.2193914873187,-3774.8821110512063,01m
-79.74123989218329,-33.45891,24.00462210503601,-842.2190063083103,-3781.461292991913,01m
-79.71967654986523,-33.45891,26.00500728045558,-840.2186211293019,-3775.423988409707,01m
-79.69811320754717,-33.45891,28.00539245587515,-838.2182359502935,-3746.746983018851,01m
-79.6765498652291,-33.45891,30.00577763129472,-836.217850771285,-3716.1592832884025,01m
-79.65498652291105,-33.45891,32.006162806715466,-834.2174655922768,-3705.244453099732,01m
-79.633423180593,-33.45891,34.00654798213385,-832.2170804132696,-3722.2048552560677,01m
-79.61185983827494,-33.45891,36.00693315755342,-830.2166952342612,-3757.4522153638795,01m
-79.59029649595688,-33.45891,38.007318332972986,-828.216310055253,-3790.3952816711535,01m
-79.56873315363882,-33.45891,40.00770350839255,-826.2159248762445,-3811.9405741239834,01m
-79.54716981132076,-33.45891,42.00808868381212,-824.2155396972362,-3815.2985490566043,01m
-79.5256064690027,-33.45891,44.008473859232865,-822.2151545182277,-3803.443920485177,01m
-79.50404312668464,-33.45891,46.00885903465243,-820.2147693392194,-3783.578553099735,01m
-79.48247978436657,-33.45891,48.009244210072,-818.2143841602109,-3769.0162202156334,01m
-79.46091644204851,-33.45891,50.009629385491564,-816.2139989812025,-3772.779653099734,01m
-79.43935309973045,-33.45891,52.01001456091113,-814.2136138021941,-3795.597161455527,01m
-79.4177897574124,-33.45891,54.0103997363307,-812.2132286231857,-3823.271000269558,01m
-79.39622641509433,-33.45891,56.01078491175144,-810.2128434441772,-3834.336366037731,01m
-79.37466307277629,-33.45891,58.01117008716983,-808.2124582651703,-3813.095172776273,01m
-79.35309973045823,-33.45891,60.0115552625894,-806.2120730861618,-3776.897319946117,01m
-79.33153638814017,-33.45891,62.01194043800896,-804.2116879071534,-3753.7129840970365,01m
-79.3099730458221,-33.45891,64.01232561342853,-802.211302728145,-3761.791408355791,01m
-79.28840970350404,-33.45891,66.0127107888481,-800.2109175491366,-3789.996882749316,01m
-79.26684636118598,-33.45891,68.01309596426884,-798.2105323701281,-3811.0079948787115,01m
-79.24528301886792,-33.45891,70.01348113968841,-796.2101471911199,-3799.706607547173,01m
-79.22371967654986,-33.45891,72.01386631510798,-794.2097620121116,-3758.668352560624,01m
-79.2021563342318,-33.45891,74.01425149052754,-792.2093768331031,-3701.5170630727566,01m
-79.18059299191374,-33.45891,76.01463666594711,-790.2089916540947,-3638.307754447429,01m
-79.15902964959568,-33.45891,78.01502184136785,-788.2086064750863,-3579.5469889487485,01m
-79.13746630727763,-33.45891,80.01540701678624,-786.2082212960793,-3533.509651212945,01m
-79.11590296495957,-33.45891,82.01579219220581,-784.2078361170708,-3506.249642048513,01m
-79.09433962264151,-33.45891,84.01617736762537,-782.2074509380625,-3491.575773584914,01m
-79.07277628032345,-33.45891,86.01656254304494,-780.207065759054,-3472.668973045836,01m
-79.05121293800539,-33.45891,88.01694771846451,-778.2066805800456,-3446.779692183291,01m
-79.02964959568733,-33.45891,90.01733289388525,-776.2062954010372,-3391.5078574124227,01m
-79.00808625336927,-33.45891,92.01771806930482,-774.2059102220288,-3295.001600539056,01m
-78.98652291105121,-33.45891,94.01810324472439,-772.2055250430203,-3177.831805390814,01m
-78.96495956873315,-33.45891,96.01848842014395,-770.205139864012,-3000.438042318052,01m
-78.94339622641509,-33.45891,98.01887359556352,-768.2047546850035,-2713.526220754484,01m
-78.92183288409703,-33.45891,100.01925877098309,-766.2043695059953,-2116.3433679242216,01m
-78.90026954177898,-33.45891,102.01964394640265,-764.2039843269881,-1969.229106469013,01m
-78.87870619946092,-33.45891,104.02002912182222,-762.2035991479797,-1864.8502622641454,01m
-78.85714285714286,-33.45891,106.02041429724179,-760.2032139689713,-1662.526928571453,01m
-78.8355795148248,-33.45891,108.02079947266135,-758.202828789963,-1545.4380768194255,01m
-78.81401617250674,-33.45891,110.02118464808092,-756.2024436109547,-1553.0747665767697,01m
-78.79245283018868,-33.45891,112.02156982350049,-754.2020584319462,-1702.026400000027,01m
-78.77088948787062,-33.45891,114.02195499892123,-752.2016732529378,-2030.189245283004,01m
-78.74932614555256,-33.45891,116.0223401743408,-750.2012880739294,-2700.119491913647,01m
-78.7277628032345,-33.45891,118.02272534976036,-748.200902894921,-3166.6400708895762,01m
-78.70619946091644,-33.45891,120.02311052517993,-746.2005177159125,-3312.393793261467,01m
-78.68463611859838,-33.45891,122.0234957005995,-744.2001325369042,-3334.0152509434038,01m
-78.66307277628033,-33.45891,124.02388087601788,-742.1997473578971,-3313.232309973052,01m
-78.64150943396227,-33.45891,126.02426605143863,-740.1993621788888,-3275.0496320754874,01m
-78.61994609164421,-33.45891,128.0246512268582,-738.1989769998803,-3254.61164177898,01m
-78.59838274932615,-33.45891,130.02503640227778,-736.1985918208719,-3270.281622911033,01m
-78.57681940700809,-33.45891,132.02542157769736,-734.1982066418635,-3316.707775202158,01m
-78.55525606469003,-33.45891,134.02580675311694,-732.1978214628551,-3381.5566571428462,01m
-78.53369272237197,-33.45891,136.02619192853768,-730.1974362838466,-3465.7410657681626,01m
-78.5121293800539,-33.45891,138.02657710395727,-728.1970511048384,-3571.046592991933,01m
-78.49056603773585,-33.45891,140.02696227937685,-726.1966659258298,-3670.4541886792467,01m
-78.46900269541779,-33.45891,142.02734745479643,-724.1962807468216,-3722.046101347731,01m
-78.44743935309972,-33.45891,144.027732630216,-722.1958955678132,-3661.8367835579043,01m
-78.42587601078166,-33.45891,146.0281178056356,-720.1955103888047,-3469.0370611859366,01m
-78.40431266846362,-33.45891,148.02850298105398,-718.1951252097978,-3137.744464150942,01m
-78.38274932614556,-33.45891,150.02888815647472,-716.1947400307893,-2784.786100539127,01m
-78.3611859838275,-33.45891,152.0292733318943,-714.194354851781,-2587.973580323484,01m
-78.33962264150944,-33.45891,154.02965850731388,-712.1939696727725,-2600.5492415094004,01m
-78.31805929919138,-33.45891,156.03004368273346,-710.1935844937641,-2790.537866846395,01m
-78.29649595687331,-33.45891,158.03042885815304,-708.1931993147557,-3148.6948832883945,01m
-78.27493261455525,-33.45891,160.0308140335738,-706.1928141357473,-3464.046475471649,01m
-78.2533692722372,-33.45891,162.03119920899337,-704.1924289567388,-3660.224472237255,01m
-78.23180592991913,-33.45891,164.03158438441295,-702.1920437777305,-3759.0406442048693,01m
-78.21024258760107,-33.45891,166.03196955983253,-700.191658598722,-3820.930949865271,01m
-78.18867924528301,-33.45891,168.0323547352521,-698.1912734197138,-3879.4488301887222,01m
-78.16711590296497,-33.45891,170.0327399106705,-696.1908882407066,-3936.3048660377244,01m
-78.1455525606469,-33.45891,172.03312508609125,-694.1905030616982,-3959.8849878706183,01m
-78.12398921832884,-33.45891,174.03351026151083,-692.1901178826897,-3888.5255097035033,01m
-78.10242587601078,-33.45891,176.0338954369304,-690.1897327036814,-3690.5921989218687,01m
-78.08086253369272,-33.45891,178.03428061235,-688.1893475246732,-3371.757391644305,01m
-78.05929919137466,-33.45891,180.03466578776957,-686.1889623456647,-3092.8909884098184,01m
-78.0377358490566,-33.45891,182.03505096318915,-684.1885771666563,-2938.7672943396296,01m
-78.01617250673854,-33.45891,184.0354361386099,-682.1881919876479,-2881.6529433962432,01m
-77.99460916442048,-33.45891,186.03582131402948,-680.1878068086395,-2880.393169811382,01m
-77.97304582210242,-33.45891,188.03620648944906,-678.187421629631,-2997.3944970350944,01m
-77.95148247978436,-33.45891,190.03659166486864,-676.1870364506227,-3110.258270619971,01m
-77.92991913746631,-33.45891,192.03697684028702,-674.1866512716156,-3168.3902485175277,01m
-77.90835579514825,-33.45891,194.0373620157066,-672.1862660926072,-3178.2249479784464,01m
-77.88679245283019,-33.45891,196.03774719112735,-670.1858809135988,-3152.3820471698064,01m
-77.86522911051213,-33.45891,198.03813236654693,-668.1854957345904,-3095.4451342317925,01m
-77.84366576819407,-33.45891,200.0385175419665,-666.1851105555819,-3031.320851482479,01m
-77.82210242587601,-33.45891,202.0389027173861,-664.1847253765736,-3031.313075202158,01m
-77.80053908355795,-33.45891,204.03928789280567,-662.1843401975652,-2999.204195148258,01m
-77.77897574123989,-33.45891,206.03967306822642,-660.1839550185568,-2845.059585714148,01m
-77.75741239892183,-33.45891,208.040058243646,-658.1835698395485,-2267.1259905659654,01m
-77.73584905660377,-33.45891,210.04044341906558,-656.1831846605401,-1763.5688867924707,01m
-77.71428571428571,-33.45891,212.04082859448516,-654.1827994815316,-1259.878571428303,01m
-77.69272237196765,-33.45891,214.04121376990474,-652.1824143025232,-757.8358247976872,01m
-77.6711590296496,-33.45891,216.04159894532313,-650.1820291235161,-535.4821312668336,01m
-77.64959568733154,-33.45891,218.04198412074388,-648.1816439445078,-505.9441803234578,01m
-77.62803234501348,-33.45891,220.04236929616346,-646.1812587654994,-646.9631716980624,01m
-77.60646900269542,-33.45891,222.04275447158304,-644.180873586491,-1079.634107547024,01m
-77.58490566037736,-33.45891,224.04313964700262,-642.1804884074826,-1479.5892169809654,01m
-77.5633423180593,-33.45891,226.0435248224222,-640.1801032284741,-1694.8913021563462,01m
-77.54177897574124,-33.45891,228.04390999784178,-638.1797180494657,-1866.0649916441876,01m
-77.52021563342318,-33.45891,230.04429517326253,-636.1793328704574,-1982.9737258759787,01m
-77.49865229110512,-33.45891,232.0446803486821,-634.178947691449,-1979.8557215633105,01m
-77.47708894878706,-33.45891,234.0450655241017,-632.1785625124406,-1922.7037549864954,01m
-77.455525606469,-33.45891,236.04545069952127,-630.1781773334322,-1794.5388601076538,01m
-77.43396226415095,-33.45891,238.04583587493966,-628.1777921544251,-1572.6488113207686,01m
-77.41239892183289,-33.45891,240.04622105035924,-626.1774069754167,-1474.325218328799,01m
-77.39083557951483,-33.45891,242.04660622577998,-624.1770217964083,-1539.5305725067542,01m
-77.36927223719677,-33.45891,244.04699140119956,-622.1766366173999,-1884.4793283018812,01m
-77.3477088948787,-33.45891,246.04737657661914,-620.1762514383915,-2240.426070620166,01m
-77.32614555256065,-33.45891,248.04776175203872,-618.1758662593832,-2597.220032884019,01m
-77.30458221024259,-33.45891,250.0481469274583,-616.1754810803748,-2830.607113477141,01m
-77.28301886792453,-33.45891,252.04853210287905,-614.1750959013663,-2964.39208679248,01m
-77.26145552560646,-33.45891,254.04891727829863,-612.1747107223579,-3204.1123013476954,01m
-77.2398921832884,-33.45891,256.0493024537182,-610.1743255433495,-3322.040789218344,01m
-77.21832884097034,-33.45891,258.0496876291378,-608.1739403643411,-3401.1874566038045,01m
-77.1967654986523,-33.45891,260.0500728045562,-606.1735551853341,-3552.013203504056,01m
-77.17520215633424,-33.45891,262.05045797997576,-604.1731700063257,-3620.3654479784345,01m
-77.15363881401618,-33.45891,264.05084315539654,-602.1727848273172,-3631.107911590294,01m
-77.13207547169812,-33.45891,266.0512283308161,-600.1723996483089,-3608.2312886792197,01m
-77.11051212938006,-33.45891,268.0516135062357,-598.1720144693005,-3526.344894339595,01m
-77.088948787062,-33.45891,270.0519986816553,-596.1716292902921,-3341.4361423180485,01m
-77.06738544474393,-33.45891,272.05238385707486,-594.1712441112837,-3207.9198552560765,01m
-77.04582210242587,-33.45891,274.05276903249444,-592.1708589322753,-3147.040055795177,01m
-77.02425876010781,-33.45891,276.0531542079152,-590.170473753267,-2753.7777080860396,01m
-77.00269541778975,-33.45891,278.0535393833348,-588.1700885742584,-1941.0308851751106,01m
-76.98113207547169,-33.45891,280.0539245587544,-586.16970339525,-1328.6085056601262,01m
-76.95956873315365,-33.45891,282.05430973417276,-584.169318216243,-982.762568194119,01m
-76.93800539083558,-33.45891,284.05469490959234,-582.1689330372346,-998.2294870618854,01m
-76.91644204851752,-33.45891,286.0550800850119,-580.1685478582262,-1048.3735997304045,01m
-76.89487870619946,-33.45891,288.0554652604327,-578.1681626792179,-783.7483690026914,01m
-76.8733153638814,-33.45891,290.0558504358523,-576.1677775002094,-657.4007156334208,01m
-76.85175202156334,-33.45891,292.05623561127186,-574.167392321201,-724.0907792453154,01m
-76.83018867924528,-33.45891,294.05662078669144,-572.1670071421926,-1038.3287811318191,01m
-76.80862533692722,-33.45891,296.057005962111,-570.1666219631842,-1556.488502425902,01m
-76.78706199460916,-33.45891,298.0573911375318,-568.1662367841758,-2009.6974900269133,01m
-76.7654986522911,-33.45891,300.0577763129514,-566.1658516051675,-2352.792940700902,01m
-76.74393530997304,-33.45891,302.05816148837096,-564.1654664261591,-2558.4739757412863,01m
-76.722371967655,-33.45891,304.05854666378934,-562.165081247152,-2832.1734247976283,01m
-76.70080862533693,-33.45891,306.0589318392089,-560.1646960681436,-3196.030422371952,01m
-76.67924528301887,-33.45891,308.0593170146285,-558.1643108891352,-3441.4605830188348,01m
-76.65768194070081,-33.45891,310.0597021900493,-556.1639257101268,-3593.2529819407446,01m
-76.63611859838275,-33.45891,312.06008736546886,-554.1635405311184,-3730.001184636146,01m
-76.61455525606469,-33.45891,314.06047254088844,-552.16315535211,-3843.3222266846387,01m
-76.59299191374663,-33.45891,316.060857716308,-550.1627701731015,-3944.7074547169664,01m
-76.57142857142857,-33.45891,318.0612428917276,-548.1623849940931,-4053.528199999968,01m
-76.54986522911051,-33.45891,320.0616280671472,-546.1619998150848,-4155.753208086274,01m
-76.52830188679245,-33.45891,322.06201324256796,-544.1616146360764,-4234.776539622648,01m
-76.50673854447439,-33.45891,324.06239841798754,-542.161229457068,-4305.185698113202,01m
-76.48517520215634,-33.45891,326.0627835934059,-540.160844278061,-4361.579633423169,01m
-76.46361185983828,-33.45891,328.0631687688255,-538.1604590990526,-4397.071191374656,01m
-76.44204851752022,-33.45891,330.0635539442451,-536.160073920044,-4414.561822911053,01m
-76.42048517520216,-33.45891,332.06393911966467,-534.1596887410357,-4428.84902560647,01m
-76.3989218328841,-33.45891,334.06432429508544,-532.1593035620273,-4441.79990673855,01m
-76.37735849056604,-33.45891,336.064709470505,-530.1589183830189,-4449.512079245285,01m
-76.35579514824798,-33.45891,338.0650946459246,-528.1585332040106,-4450.547701886793,01m
-76.33423180592992,-33.45891,340.0654798213442,-526.1581480250022,-4442.898030997305,01m
-76.31266846361186,-33.45891,342.06586499676376,-524.1577628459937,-4435.965462803235,01m
-76.2911051212938,-33.45891,344.06625017218454,-522.1573776669853,-4443.136402425882,01m
-76.26954177897574,-33.45891,346.0666353476041,-520.1569924879769,-4465.990298921839,01m
-76.24797843665768,-33.45891,348.0670205230237,-518.1566073089685,-4502.295426684639,01m
-76.22641509433963,-33.45891,350.0674056984421,-516.1562221299615,-4538.24455660377,01m
-76.20485175202157,-33.45891,352.06779087386167,-514.1558369509531,-4563.235036927219,01m
-76.18328840970351,-33.45891,354.06817604928125,-512.1554517719447,-4573.65269272237,01m
-76.16172506738545,-33.45891,356.06856122470083,-510.1550665929363,-4566.479239892182,01m
-76.14016172506739,-33.45891,358.0689464001216,-508.1546814139279,-4545.857755795149,01m
-76.11859838274933,-33.45891,360.0693315755412,-506.1542962349195,-4511.515454986504,01m
-76.09703504043127,-33.45891,362.06971675096077,-504.15391105591107,-4464.811180592973,01m
-76.0754716981132,-33.45891,364.07010192638035,-502.1535258769027,-4414.194245283009,01m
-76.05390835579514,-33.45891,366.0704871017999,-500.1531406978943,-4370.938512668462,01m
-76.03234501347708,-33.45891,368.0708722772207,-498.1527555188859,-4340.369161455527,01m
-76.01078167115902,-33.45891,370.0712574526403,-496.15237033987756,-4326.617167385441,01m
-75.98921832884096,-33.45891,372.07164262805986,-494.1519851608692,-4320.382083827491,01m
-75.96765498652292,-33.45891,374.07202780347825,-492.1515999818621,-4317.747302964959,01m
-75.94609164420486,-33.45891,376.07241297889783,-490.1512148028537,-4314.960201347709,01m
-75.9245283018868,-33.45891,378.0727981543174,-488.15082962384525,-4313.953994339623,01m
-75.90296495956873,-33.45891,380.0731833297382,-486.15044444483686,-4319.065129110515,01m
-75.88140161725067,-33.45891,382.07356850515777,-484.1500592658285,-4335.441469541784,01m
-75.85983827493261,-33.45891,384.07395368057735,-482.1496740868201,-4363.22008733156,01m
-75.83827493261455,-33.45891,386.0743388559969,-480.1492889078117,-4395.122754447435,01m
-75.81671159029649,-33.45891,388.0747240314165,-478.14890372880325,-4421.207121024251,01m
-75.79514824797843,-33.45891,390.0751092068361,-476.14851854979486,-4430.661321293802,01m
-75.77358490566037,-33.45891,392.07549438225686,-474.14813337078647,-4429.580664150943,01m
-75.75202156334231,-33.45891,394.07587955767644,-472.1477481917781,-4423.657740700806,01m
-75.73045822102426,-33.45891,396.07626473309483,-470.147363012771,-4416.456550943399,01m
-75.7088948787062,-33.45891,398.0766499085144,-468.1469778337626,-4411.164500000003,01m
-75.68733153638814,-33.45891,400.077035083934,-466.14659265475416,-4411.5846455525625,01m
-75.66576819407008,-33.45891,402.0774202593536,-464.14620747574577,-4410.842784905661,01m
-75.64420485175202,-33.45891,404.07780543477435,-462.1458222967374,-4413.023774393538,01m
-75.62264150943396,-33.45891,406.07819061019393,-460.145437117729,-4413.104035849054,01m
-75.6010781671159,-33.45891,408.0785757856135,-458.14505193872066,-4403.62311212938,01m
-75.57951482479784,-33.45891,410.0789609610331,-456.14466675971227,-4362.921062803236,01m
-75.55795148247978,-33.45891,412.07934613645267,-454.1442815807039,-4303.096140970363,01m
-75.53638814016172,-33.45891,414.07973131187345,-452.14389640169543,-4231.747659299165,01m
-75.51482479784366,-33.45891,416.080116487293,-450.14351122268704,-4186.355450134771,01m
-75.49326145552561,-33.45891,418.0805016627114,-448.14312604367996,-4191.529884097036,01m
-75.47169811320755,-33.45891,420.080886838131,-446.14274086467157,-4193.285073584908,01m
-75.45013477088949,-33.45891,422.0812720135506,-444.1423556856632,-4176.840032075475,01m
-75.42857142857143,-33.45891,424.08165718897015,-442.1419705066548,-4162.336885714288,01m
-75.40700808625337,-33.45891,426.08204236439093,-440.14158532764634,-4165.45051644205,01m
-75.38544474393531,-33.45891,428.0824275398105,-438.14120014863795,-4089.740970350406,01m
-75.36388140161725,-33.45891,430.0828127152301,-436.14081496962956,-4079.3711145552943,01m
-75.34231805929919,-33.45891,432.08319789064967,-434.14042979062117,-4156.05888706202,01m
-75.32075471698113,-33.45891,434.08358306606925,-432.1400446116128,-4218.632515094349,01m
-75.29919137466307,-33.45891,436.08396824148883,-430.13965943260433,-4248.990442318059,01m
-75.277628032345,-33.45891,438.0843534169096,-428.13927425359594,-4252.905650404311,01m
-75.25606469002696,-33.45891,440.084738592328,-426.13888907458886,-4255.33063692722,01m
-75.2345013477089,-33.45891,442.0851237677476,-424.13850389558047,-4268.617333692712,01m
-75.21293800539084,-33.45891,444.08550894316716,-422.13811871657214,-4323.183933692724,01m
-75.19137466307278,-33.45891,446.08589411858674,-420.13773353756375,-4342.4638388140165,01m
-75.16981132075472,-33.45891,448.0862792940063,-418.13734835855536,-4305.840777358466,01m
-75.14824797843666,-33.45891,450.0866644694271,-416.13696317954697,-4239.664457951461,01m
-75.1266846361186,-33.45891,452.0870496448467,-414.1365780005385,-4178.579953369266,01m
-75.10512129380054,-33.45891,454.08743482026625,-412.13619282153013,-4144.80884932613,01m
-75.08355795148248,-33.45891,456.08781999568583,-410.13580764252174,-4141.638577088949,01m
-75.06199460916442,-33.45891,458.0882051711054,-408.13542246351335,-4176.368322911068,01m
-75.04043126684635,-33.45891,460.0885903465262,-406.13503728450496,-4215.116993261463,01m
-75.01886792452831,-33.45891,462.0889755219446,-404.1346521054979,-4216.3727226415185,01m
-74.99730458221025,-33.45891,464.08936069736416,-402.1342669264895,-4175.772706738552,01m
-74.97574123989219,-33.45891,466.08974587278374,-400.13388174748104,-4105.249683557974,01m
-74.95417789757413,-33.45891,468.0901310482033,-398.13349656847265,-4027.3122765498447,01m
-74.93261455525607,-33.45891,470.0905162236229,-396.13311138946426,-3975.790529919136,01m
-74.911051212938,-33.45891,472.0909013990437,-394.13272621045587,-3961.8810663072786,01m
-74.88948787061994,-33.45891,474.09128657446325,-392.1323410314475,-3965.8378544474444,01m
-74.86792452830188,-33.45891,476.09167174988283,-390.13195585243903,-3975.2004735849105,01m
-74.84636118598382,-33.45891,478.0920569253024,-388.1315706734307,-3981.7681676549882,01m
-74.82479784366576,-33.45891,480.092442100722,-386.1311854944223,-3975.1351730458227,01m
-74.8032345013477,-33.45891,482.0928272761416,-384.1308003154139,-3958.8793283018913,01m
-74.78167115902966,-33.45891,484.09321245156116,-382.13041513640684,-3940.2771326145685,01m
-74.7601078167116,-33.45891,486.09359762698074,-380.13002995739845,-3892.7068393531363,01m
-74.73854447439354,-33.45891,488.0939828024003,-378.12964477839006,-3801.288749056604,01m
-74.71698113207547,-33.45891,490.0943679778199,-376.12925959938167,-3706.2737150943603,01m
-74.69541778975741,-33.45891,492.0947531532395,-374.1288744203732,-3987.3269016172385,01m
-74.67385444743935,-33.45891,494.09513832865906,-372.12848924136483,-4049.537947978456,01m
-74.6522911051213,-33.45891,496.09552350407984,-370.12810406235644,-4083.97727951483,01m
-74.63072776280323,-33.45891,498.0959086794994,-368.12771888334805,-4097.307422641502,01m
-74.60916442048517,-33.45891,500.096293854919,-366.12733370433966,-4087.0508628032303,01m
-74.58760107816711,-33.45891,502.0966790303386,-364.1269485253312,-4068.998832614542,01m
-74.56603773584905,-33.45891,504.09706420575816,-362.1265633463228,-4006.193360377343,01m
-74.544474393531,-33.45891,506.09744938117655,-360.12617816731574,-3967.6536735849036,01m
-74.52291105121294,-33.45891,508.0978345565973,-358.12579298830735,-3924.066775471707,01m
-74.50134770889488,-33.45891,510.0982197320169,-356.12540780929896,-3860.4079455525753,01m
-74.47978436657682,-33.45891,512.0986049074364,-354.1250226302906,-3831.616753369268,01m
-74.45822102425876,-33.45891,514.098990082856,-352.12463745128224,-3841.632435309974,01m
-74.4366576819407,-33.45891,516.0993752582755,-350.12425227227385,-3907.8116897573987,01m
-74.41509433962264,-33.45891,518.0997604336962,-348.1238670932654,-3907.013035849035,01m
-74.39353099730458,-33.45891,520.1001456091158,-346.123481914257,-3870.4597291104983,01m
-74.37196765498652,-33.45891,522.1005307845353,-344.1230967352486,-3832.578591644199,01m
-74.35040431266846,-33.45891,524.1009159599548,-342.12271155624023,-3812.307054716971,01m
-74.3288409703504,-33.45891,526.1013011353743,-340.12232637723184,-3812.275898652292,01m
-74.30727762803234,-33.45891,528.1016863107939,-338.1219411982234,-3824.319276549876,01m
-74.28571428571429,-33.45891,530.1020714862134,-336.12155601921637,-3868.7069999999753,01m
-74.26415094339623,-33.45891,532.1024566616329,-334.1211708402079,-3950.063666037742,01m
-74.24258760107817,-33.45891,534.1028418370524,-332.12078566119953,-4041.5270150943306,01m
-74.22102425876011,-33.45891,536.103227012472,-330.12040048219114,-4121.319768733133,01m
-74.19946091644205,-33.45891,538.1036121878915,-328.12001530318275,-4169.048830727768,01m
-74.17789757412399,-33.45891,540.103997363311,-326.11963012417436,-4182.498646900267,01m
-74.15633423180593,-33.45891,542.1043825387318,-324.119244945166,-4169.190177897562,01m
-74.13477088948787,-33.45891,544.1047677141513,-322.1188597661576,-4150.23993800538,01m
-74.11320754716981,-33.45891,546.1051528895708,-320.1184745871492,-4127.038852830172,01m
-74.09164420485175,-33.45891,548.1055380649904,-318.11808940814075,-4074.9197525606382,01m
-74.07008086253369,-33.45891,550.1059232404099,-316.11770422913236,-4045.895369811321,01m
-74.04851752021563,-33.45891,552.1063084158307,-314.11731905012397,-4063.5050161725185,01m
-74.02695417789758,-33.45891,554.106693591249,-312.1169338711169,-4071.7490911051286,01m
-74.00539083557952,-33.45891,556.1070787666686,-310.1165486921085,-4042.8268455525754,01m
-73.98382749326146,-33.45891,558.1074639420881,-308.1161635131001,-4012.975956064687,01m
-73.9622641509434,-33.45891,560.1078491175076,-306.1157783340917,-4003.952928301882,01m
-73.94070080862534,-33.45891,562.1082342929271,-304.1153931550833,-4031.1258552560726,01m
-73.91913746630728,-33.45891,564.1086194683479,-302.11500797607493,-4031.366005121292,01m
-73.89757412398922,-33.45891,566.1090046437674,-300.11462279706654,-4043.7206765498654,01m
-73.87601078167116,-33.45891,568.109389819187,-298.1142376180581,-4036.0921218328763,01m
-73.8544474393531,-33.45891,570.1097749946065,-296.1138524390497,-4023.49517951482,01m
-73.83288409703503,-33.45891,572.110160170026,-294.1134672600413,-4019.208350943397,01m
-73.81132075471697,-33.45891,574.1105453454455,-292.1130820810329,-4017.4811113207543,01m
-73.78975741239893,-33.45891,576.1109305208639,-290.11269690202585,-4004.299447708909,01m
-73.76819407008087,-33.45891,578.1113156962847,-288.11231172301746,-3939.4850617250786,01m
-73.7466307277628,-33.45891,580.1117008717042,-286.11192654400907,-3898.686982749322,01m
-73.72506738544475,-33.45891,582.1120860471237,-284.1115413650007,-3920.244108355805,01m
-73.70350404312669,-33.45891,584.1124712225433,-282.1111561859923,-3939.117789487871,01m
-73.68194070080862,-33.45891,586.1128563979628,-280.11077100698384,-3945.6996919137464,01m
-73.66037735849056,-33.45891,588.1132415733836,-278.11038582797545,-3948.677416981138,01m
-73.6388140161725,-33.45891,590.1136267488031,-276.11000064896706,-3965.0960636118652,01m
-73.61725067385444,-33.45891,592.1140119242226,-274.1096154699587,-3943.2663913746333,01m
-73.59568733153638,-33.45891,594.1143970996421,-272.1092302909503,-3940.09162021563,01m
-73.57412398921832,-33.45891,596.1147822750617,-270.1088451119419,-3945.2055528301858,01m
-73.55256064690028,-33.45891,598.11516745048,-268.1084599329348,-3958.1544423180553,01m
-73.53099730458221,-33.45891,600.1155526259008,-266.1080747539264,-3930.5906517520316,01m
-73.50943396226415,-33.45891,602.1159378013203,-264.107689574918,-3895.843839622639,01m
-73.4878706199461,-33.45891,604.1163229767399,-262.10730439590964,-3894.111707547164,01m
-73.46630727762803,-33.45891,606.1167081521594,-260.1069192169012,-3942.5301164420785,01m
-73.44474393530997,-33.45891,608.1170933275789,-258.1065340378928,-4021.6002892183506,01m
-73.42318059299191,-33.45891,610.1174785029984,-256.10614885888447,-4013.145557142854,01m
-73.40161725067385,-33.45891,612.1178636784192,-254.10576367987605,-4029.7054075472083,01m
-73.38005390835579,-33.45891,614.1182488538387,-252.10537850086766,-4354.024118328918,01m
-73.35849056603773,-33.45891,616.1186340292583,-250.10499332185924,-4471.877081132077,01m
-73.33692722371967,-33.45891,618.1190192046778,-248.10460814285085,-4464.516425067385,01m
-73.31536388140162,-33.45891,620.1194043800962,-246.10422296384377,-4545.987069811252,01m
-73.29380053908356,-33.45891,622.1197895555157,-244.10383778483538,-4623.419507008082,01m
-73.2722371967655,-33.45891,624.1201747309365,-242.10345260582696,-4640.824450404309,01m
-73.25067385444744,-33.45891,626.120559906356,-240.10306742681857,-4682.255828301893,01m
-73.22911051212938,-33.45891,628.1209450817755,-238.1026822478102,-4746.480267924531,01m
-73.20754716981132,-33.45891,630.121330257195,-236.1022970688018,-4801.457786792442,01m
-73.18598382749326,-33.45891,632.1217154326146,-234.1019118897934,-4885.506252560675,01m
-73.1644204851752,-33.45891,634.1221006080353,-232.101526710785,-4979.703496495971,01m
-73.14285714285714,-33.45891,636.1224857834549,-230.1011415317766,-5069.2059857143995,01m
-73.12129380053908,-33.45891,638.1228709588744,-228.1007563527682,-5195.900154986586,01m
-73.09973045822102,-33.45891,640.1232561342939,-226.10037117375978,-5153.111673045958,01m
-73.07816711590297,-33.45891,642.1236413097123,-224.09998599475273,-5385.756677088932,01m
-73.05660377358491,-33.45891,644.1240264851318,-222.0996008157443,-5420.556332075457,01m
-73.03504043126685,-33.45891,646.1244116605526,-220.09921563673592,-5432.683916981134,01m
-73.01347708894879,-33.45891,648.1247968359721,-218.09883045772756,-5396.109776280325,01m
-72.99191374663073,-33.45891,650.1251820113916,-216.09844527871914,-5393.086374663073,01m
-72.97035040431267,-33.45891,652.1255671868112,-214.09806009971075,-5395.490307008087,01m
-72.94878706199461,-33.45891,654.1259523622307,-212.09767492070233,-5399.784242318059,01m
-72.92722371967655,-33.45891,656.1263375376502,-210.09728974169394,-5403.614355525607,01m
-72.90566037735849,-33.45891,658.126722713071,-208.09690456268555,-5406.217673584908,01m
-72.88409703504043,-33.45891,660.1271078884905,-206.09651938367713,-5411.499827762805,01m
-72.86253369272237,-33.45891,662.12749306391,-204.09613420466877,-5406.642417250663,01m
-72.84097035040432,-33.45891,664.1278782393284,-202.09574902566166,-5382.553390835581,01m
-72.81940700808626,-33.45891,666.128263414748,-200.0953638466533,-5355.850487870624,01m
-72.7978436657682,-33.45891,668.1286485901675,-198.0949786676449,-5389.498318328828,01m
-72.77628032345014,-33.45891,670.1290337655882,-196.0945934886365,-5416.31812533692,01m
-72.75471698113208,-33.45891,672.1294189410078,-194.0942083096281,-5428.115549056604,01m
-72.73315363881402,-33.45891,674.1298041164273,-192.09382313061968,-5027.409919407072,01m
-72.71159029649596,-33.45891,676.1301892918468,-190.0934379516113,-4670.724210781628,01m
-72.6900269541779,-33.45891,678.1305744672663,-188.0930527726029,-4534.61013045818,01m
-72.66846361185983,-33.45891,680.1309596426871,-186.0926675935945,-4383.724542587592,01m
-72.64690026954177,-33.45891,682.1313448181066,-184.09228241458612,-4033.8752528299583,01m
-72.62533692722371,-33.45891,684.1317299935262,-182.09189723557773,-3677.1580442047034,01m
-72.60377358490567,-33.45891,686.1321151689446,-180.09151205657065,-3480.297820754684,01m
-72.5822102425876,-33.45891,688.1325003443641,-178.09112687756226,-3472.0246867924457,01m
-72.56064690026955,-33.45891,690.1328855197836,-176.09074169855384,-3401.0353309973116,01m
-72.53908355795149,-33.45891,692.1332706952044,-174.09035651954545,-3229.2111323450213,01m
-72.51752021563343,-33.45891,694.1336558706239,-172.08997134053703,-3105.740193261506,01m
-72.49595687331536,-33.45891,696.1340410460434,-170.08958616152864,-2932.6914083557367,01m
-72.4743935309973,-33.45891,698.134426221463,-168.08920098252028,-2697.572399460915,01m
-72.45283018867924,-33.45891,700.1348113968825,-166.08881580351186,-2594.183000000014,01m
-72.43126684636118,-33.45891,702.135196572302,-164.08843062450347,-2414.471312937964,01m
-72.40970350404312,-33.45891,704.1355817477228,-162.08804544549508,-2305.5059072775994,01m
-72.38814016172506,-33.45891,706.1359669231423,-160.08766026648667,-2208.811330458162,01m
-72.366576819407,-33.45891,708.1363520985618,-158.08727508747828,-2160.0449557951097,01m
-72.34501347708895,-33.45891,710.1367372739802,-156.0868899084712,-2081.0675088949106,01m
-72.3234501347709,-33.45891,712.1371224493997,-154.0865047294628,-2029.5024576819364,01m
-72.30188679245283,-33.45891,714.1375076248192,-152.0861195504544,-1965.4429320755316,01m
-72.28032345013477,-33.45891,716.13789280024,-150.085734371446,-1839.3461902964998,01m
-72.25876010781671,-33.45891,718.1382779756595,-148.0853491924376,-1677.1234194070366,01m
-72.23719676549865,-33.45891,720.1386631510791,-146.08496401342921,-1550.1892307277262,01m
-72.21563342318059,-33.45891,722.1390483264986,-144.08457883442082,-1460.2167994609024,01m
-72.19407008086253,-33.45891,724.1394335019181,-142.0841936554124,-1382.4637083557927,01m
-72.17250673854447,-33.45891,726.1398186773389,-140.08380847640402,-1508.4006320756807,01m
-72.15094339622641,-33.45891,728.1402038527584,-138.08342329739563,-1890.5014056605487,01m
-72.12938005390835,-33.45891,730.1405890281779,-136.08303811838724,-1735.1879520214657,01m
-72.10781671159029,-33.45891,732.1409742035975,-134.08265293937885,-1677.2005638813957,01m
-72.08625336927224,-33.45891,734.1413593790159,-132.08226776037176,-1654.4996690026978,01m
-72.06469002695418,-33.45891,736.1417445544354,-130.08188258136335,-1581.8756293800861,01m
-72.04312668463612,-33.45891,738.1421297298562,-128.08149740235496,-1445.1890851752573,01m
-72.02156334231806,-33.45891,740.1425149052757,-126.08111222334657,-1353.796629649593,01m
-72.0,-33.45891,742.1429000806952,-124.08072704433818,-1303.061700000006,01m
-71.97843665768194,-33.45891,744.1432852561147,-122.08034186532977,-1225.4033291105322,01m
-71.95687331536388,-33.45891,746.1436704315342,-120.07995668632138,-1055.6992099729705,01m
-71.93530997304582,-33.45891,748.1440556069538,-118.07957150731299,-822.3843355794575,01m
-71.91374663072776,-33.45891,750.1444407823745,-116.07918632830459,-592.1487816710218,01m
-71.8921832884097,-33.45891,752.1448259577941,-114.07880114929618,-456.2116237196349,01m
-71.87061994609164,-33.45891,754.1452111332136,-112.0784159702878,-490.73880000004334,01m
-71.84905660377359,-33.45891,756.145596308632,-110.07803079128071,-537.5093924527125,01m
-71.82749326145553,-33.45891,758.1459814840515,-108.07764561227232,-194.37129272245582,01m
-71.80592991913747,-33.45891,760.146366659471,-106.07726043326392,-125.71323557951456,01m
-71.78436657681941,-33.45891,762.1467518348918,-104.07687525425553,-126.11969919137518,01m
-71.76280323450135,-33.45891,764.1471370103113,-102.07649007524712,-118.98414285714588,01m
-71.74123989218329,-33.45891,766.1475221857308,-100.07610489623873,-104.59332884096597,01m
-71.71967654986523,-33.45891,768.1479073611504,-98.07571971723033,-89.72807816711591,01m
-71.69811320754717,-33.45891,770.1482925365699,-96.07533453822194,3.3391547169315174,01m
-71.6765498652291,-33.45891,772.1486777119907,-94.07494935921355,-23.629960646843326,01m
-71.65498652291105,-33.45891,774.1490628874102,-92.07456418020514,84.1927563342572,01m
-71.63342318059298,-33.45891,776.1494480628297,-90.07417900119674,147.11362102430235,01m
-71.61185983827494,-33.45891,778.1498332382481,-88.07379382218967,151.68744016172417,01m
-71.59029649595688,-33.45891,780.1502184136676,-86.07340864318127,165.68447951481764,01m
-71.56873315363882,-33.45891,782.1506035890872,-84.07302346417286,202.49555363879995,01m
-71.54716981132076,-33.45891,784.1509887645067,-82.07263828516447,233.25318113208095,01m
-71.5256064690027,-33.45891,786.1513739399275,-80.07225310615608,256.0454862533711,01m
-71.50404312668464,-33.45891,788.151759115347,-78.07186792714768,302.4120455525466,01m
-71.48247978436657,-33.45891,790.1521442907665,-76.07148274813929,284.84885336925083,01m
-71.46091644204851,-33.45891,792.152529466186,-74.0710975691309,241.22713477089601,01m
-71.43935309973045,-33.45891,794.1529146416055,-72.0707123901225,278.2966509433943,01m
-71.4177897574124,-33.45891,796.1532998170263,-70.0703272111141,296.9743760107887,01m
-71.39622641509433,-33.45891,798.1536849924458,-68.0699420321057,305.73967547173925,01m
-71.37466307277629,-33.45891,800.1540701678642,-66.06955685309863,368.94814797844504,01m
-71.35309973045823,-33.45891,802.1544553432838,-64.06917167409023,446.1508417789828,01m
-71.33153638814017,-33.45891,804.1548405187033,-62.06878649508184,371.2198762803321,01m
-71.3099730458221,-33.45891,806.1552256941228,-60.068401316073434,240.41675552562145,01m
-71.28840970350404,-33.45891,808.1556108695436,-58.068016137065044,208.8896665768208,01m
-71.26684636118598,-33.45891,810.1559960449631,-56.06763095805664,308.5776183288639,01m
-71.24528301886792,-33.45891,812.1563812203826,-54.06724577904825,364.69236037737403,01m
-71.22371967654986,-33.45891,814.1567663958022,-52.066860600039846,311.60697870623187,01m
-71.2021563342318,-33.45891,816.1571515712217,-50.066475421031456,504.6683997305481,01m
-71.18059299191374,-33.45891,818.1575367466412,-48.06609024202306,453.9043212937785,01m
-71.15902964959568,-33.45891,820.157921922062,-46.06570506301466,383.06032668470596,01m
-71.13746630727763,-33.45891,822.1583070974804,-44.065319884007586,524.587789757403,01m
-71.11590296495957,-33.45891,824.1586922728999,-42.06493470499918,406.9571819406839,01m
-71.09433962264151,-33.45891,826.1590774483194,-40.064549525990785,316.13851509432095,01m
-71.07277628032345,-33.45891,828.1594626237389,-38.064164346982395,211.03283989224144,01m
-71.05121293800539,-33.45891,830.1598477991585,-36.063779167974,178.59800646900345,01m
-71.02964959568733,-33.45891,832.1602329745792,-34.0633939889656,195.50562587599836,01m
-71.00808625336927,-33.45891,834.1606181499988,-32.0630088099572,281.17680242591473,01m
-70.98652291105121,-33.45891,836.1610033254183,-30.062623630948806,460.03749784369506,01m
-70.96495956873315,-33.45891,838.1613885008378,-28.06223845194041,748.235453908361,01m
-70.94339622641509,-33.45891,840.1617736762573,-26.061853272932012,747.5530113205863,01m
-70.92183288409703,-33.45891,842.1621588516781,-24.061468093923615,557.6564894878395,01m
-70.90026954177898,-33.45891,844.1625440270965,-22.061082914916536,526.1351444743873,01m
-70.87870619946092,-33.45891,846.162929202516,-20.06069773590814,474.7506196765495,01m
-70.85714285714286,-33.45891,848.1633143779355,-18.060312556899746,518.2770142857006,01m
-70.8355795148248,-33.45891,850.1636995533551,-16.05992737789135,666.1147347708329,01m
-70.81401617250674,-33.45891,852.1640847287746,-14.059542198882951,487.58985229111465,01m
-70.79245283018868,-33.45891,854.1644699041954,-12.059157019874554,475.2699471698131,01m
-70.77088948787062,-33.45891,856.1648550796149,-10.058771840866159,481.94233557951503,01m
-70.74932614555256,-33.45891,858.1652402550344,-8.058386661857762,489.65628140161516,01m
-70.7277628032345,-33.45891,860.1656254304539,-6.058001482849365,500.9778188679283,01m
-70.70619946091644,-33.45891,862.1660106058735,-4.05761630384097,511.6870048517542,01m
-70.68463611859838,-33.45891,864.166395781293,-2.0572311248325725,526.9642517520341,01m
-70.66307277628033,-33.45891,866.1667809567125,-0.05684594582549424,547.6789363881381,01m
-70.64150943396227,-33.45891,868.167166132132,1.9435392331829022,563.1381886792428,01m
-70.61994609164421,-33.45891,870.1675513075515,3.943924412191299,577.0301897574169,01m
-70.59838274932615,-33.45891,872.1679364829711,5.944309591199696,597.1797857142881,01m
-70.57681940700809,-33.45891,874.1683216583906,7.944694770208091,619.0251132075457,01m
-70.55525606469003,-33.45891,876.1687068338101,9.945079949216488,650.6845029649514,01m
-70.53369272237197,-33.45891,878.1690920092309,11.945465128224885,726.0453576819045,01m
-70.5121293800539,-33.45891,880.1694771846504,13.945850307233282,1059.9245536388958,01m
-70.49056603773585,-33.45891,882.1698623600699,15.946235486241678,1589.5599660377088,01m
-70.46900269541779,-33.45891,884.1702475354895,17.946620665250073,1895.7024754718086,01m
-70.44743935309972,-33.45891,886.170632710909,19.94700584425847,2358.4246978438678,01m
-70.42587601078168,-33.45891,888.1710178863274,21.94739102326555,2535.4046606467687,01m
-70.4043126684636,-33.45891,890.1714030617493,23.947776202275264,2139.7901741238134,01m
-70.38274932614556,-33.45891,892.1717882371677,25.948161381282343,2447.0546663072973,01m
-70.3611859838275,-33.45891,894.1721734125872,27.94854656029074,2374.769414016175,01m
-70.33962264150944,-33.45891,896.1725585880067,29.948931739299137,2478.8777169811865,01m
-70.31805929919138,-33.45891,898.1729437634262,31.949316918307535,2611.7175822102527,01m
-70.29649595687331,-33.45891,900.173328938847,33.94970209731593,2728.5210803234404,01m
-70.27493261455525,-33.45891,902.1737141142665,35.950087276324325,2863.631419407,01m
-70.2533692722372,-33.45891,904.1740992896861,37.95047245533272,2858.3525299191288,01m
-70.23180592991913,-33.45891,906.1744844651056,39.95085763434112,2587.770281940725,01m
-70.21024258760107,-33.45891,908.1748696405251,41.951242813349516,2875.5136401622385,01m
-70.18867924528301,-33.45891,910.1752548159446,43.95162799235791,3084.663499999891,01m
-70.16711590296495,-33.45891,912.1756399913654,45.95201317136631,2889.5179574123304,01m
-70.1455525606469,-33.45891,914.1760251667838,47.95239835037338,2170.200199999914,01m
-70.12398921832884,-33.45891,916.1764103422033,49.95278352938178,2305.1291401617723,01m
-70.10242587601078,-33.45891,918.1767955176228,51.95316870839017,3151.022975472194,01m
-70.08086253369272,-33.45891,920.1771806930424,53.95355388739858,3258.806238274986,01m
-70.05929919137466,-33.45891,922.1775658684619,55.95393906640697,2916.2431859841877,01m
-70.0377358490566,-33.45891,924.1779510438827,57.95432424541537,2354.9214113207286,01m
-70.01617250673854,-33.45891,926.1783362193022,59.95470942442376,2505.6553919136813,01m
-69.99460916442048,-33.45891,928.1787213947217,61.955094603432165,3346.256782749515,01m
-69.97304582210242,-33.45891,930.1791065701412,63.955479782440555,3833.629476280521,01m
-69.95148247978436,-33.45891,932.1794917455608,65.95586496144895,3645.700448247881,01m
-69.9299191374663,-33.45891,934.1798769209815,67.95625014045736,3225.0776975742656,01m
-69.90835579514825,-33.45891,936.1802620963999,69.95663531946443,3484.6707514824147,01m
-69.88679245283019,-33.45891,938.1806472718195,71.95702049847283,3696.7158264151385,01m
-69.86522911051213,-33.45891,940.181032447239,73.95740567748122,4079.885014824933,01m
-69.84366576819407,-33.45891,942.1814176226585,75.95779085648962,4838.396322911122,01m
-69.82210242587601,-33.45891,944.181802798078,77.95817603549801,5533.862050673815,01m
-69.80053908355795,-33.45891,946.1821879734988,79.95856121450642,4987.934860647088,01m
-69.77897574123989,-33.45891,948.1825731489183,81.95894639351481,4443.068605390733,01m
-69.75741239892183,-33.45891,950.1829583243378,83.9593315725232,4149.340254986497,01m
-69.73584905660377,-33.45891,952.1833434997574,85.9597167515316,4451.551364150922,01m
-69.71428571428571,-33.45891,954.1837286751769,87.96010193054,5429.427514285819,01m
-69.69272237196765,-33.45891,956.1841138505964,89.96048710954841,5310.838681940442,01m
-69.6711590296496,-33.45891,958.1844990260148,91.96087228855548,4803.554646900223,01m
-69.64959568733154,-33.45891,960.1848842014356,93.96125746756385,4613.178517520187,01m
-69.62803234501348,-33.45891,962.1852693768551,95.96164264657226,4626.299656064615,01m
-69.60646900269542,-33.45891,964.1856545522746,97.96202782558066,4684.716680323292,01m
-69.58490566037736,-33.45891,966.1860397276942,99.96241300458907,4273.84651320774,01m
-69.5633423180593,-33.45891,968.1864249031137,101.96279818359744,4118.367116711545,01m
-69.54177897574124,-33.45891,970.1868100785344,103.96318336260585,3699.321580862568,01m
-69.52021563342318,-33.45891,972.187195253954,105.96356854161425,3227.0979043127813,01m
-69.49865229110512,-33.45891,974.1875804293735,107.96395372062265,2863.7009377358054,01m
-69.47708894878706,-33.45891,976.187965604793,109.96433889963103,2672.372777897521,01m
-69.455525606469,-33.45891,978.1883507802125,111.96472407863943,2475.510399460911,01m
-69.43396226415095,-33.45891,980.1887359556309,113.96510925764652,2222.262215094397,01m
-69.41239892183289,-33.45891,982.1891211310517,115.96549443665491,2024.8399196764594,01m
-69.39083557951483,-33.45891,984.1895063064712,117.96587961566331,1815.7390560646604,01m
-69.36927223719677,-33.45891,986.1898914818908,119.9662647946717,1663.6583557951408,01m
-69.3477088948787,-33.45891,988.1902766573103,121.9666499736801,1541.629747169748,01m
-69.32614555256065,-33.45891,990.1906618327298,123.9670351526885,1445.7512781671367,01m
-69.30458221024259,-33.45891,992.1910470081493,125.9674203316969,1386.5959315363762,01m
-69.28301886792453,-33.45891,994.1914321835701,127.96780551070529,1331.7946584905621,01m
-69.26145552560646,-33.45891,996.1918173589896,129.96819068971368,1273.8443609164476,01m
-69.2398921832884,-33.45891,998.1922025344091,131.9685758687221,1213.4096843665498,01m
-69.21832884097034,-33.45891,1000.1925877098287,133.9689610477305,1155.710888140145,01m
-69.1967654986523,-33.45891,1002.1929728852471,135.96934622673757,1102.7995156334166,01m
-69.17520215633424,-33.45891,1004.1933580606666,137.96973140574596,1059.025704582211,01m
-69.15363881401618,-33.45891,1006.1937432360874,139.97011658475435,1027.359647978442,01m
-69.13207547169812,-33.45891,1008.1941284115069,141.97050176376274,998.6144603773481,01m
-69.11051212938006,-33.45891,1010.1945135869264,143.97088694277116,969.4840169811258,01m
-69.088948787062,-33.45891,1012.1948987623459,145.97127212177955,944.7068698113198,01m
-69.06738544474393,-33.45891,1014.1952839377655,147.97165730078794,925.3208509433991,01m
-69.04582210242587,-33.45891,1016.1956691131862,149.97204247979633,925.7498229110463,01m
-69.02425876010781,-33.45891,1018.1960542886058,151.97242765880475,938.0537905660378,01m
-69.00269541778975,-33.45891,1020.1964394640253,153.97281283781314,910.4321706199421,01m
-68.98113207547169,-33.45891,1022.1968246394448,155.97319801682153,887.7320037735722,01m
-68.95956873315365,-33.45891,1024.1972098148633,157.9735831958286,868.0731870619993,01m
-68.93800539083558,-33.45891,1026.1975949902828,159.973968374837,851.939181401624,01m
-68.91644204851752,-33.45891,1028.1979801657035,161.9743535538454,838.0194188679238,01m
-68.89487870619946,-33.45891,1030.198365341123,163.9747387328538,831.8794247978433,01m
-68.8733153638814,-33.45891,1032.1987505165425,165.9751239118622,835.5431576819428,01m
-68.85175202156334,-33.45891,1034.199135691962,167.97550909087056,838.8332191374666,01m
-68.83018867924528,-33.45891,1036.1995208673816,169.97589426987898,839.4497999999994,01m
-68.80862533692722,-33.45891,1038.199906042801,171.97627944888737,841.6710404312666,01m
-68.78706199460916,-33.45891,1040.2002912182218,173.9766646278958,854.975243126682,01m
-68.7654986522911,-33.45891,1042.2006763936413,175.97704980690418,878.1668072776408,01m
-68.74393530997304,-33.45891,1044.2010615690608,177.97743498591257,904.2235256064716,01m
-68.722371967655,-33.45891,1046.2014467444792,179.97782016491965,922.8463385444597,01m
-68.70080862533693,-33.45891,1048.2018319198987,181.97820534392804,946.0983811320733,01m
-68.67924528301887,-33.45891,1050.2022170953182,183.97859052293646,983.4688132075362,01m
-68.65768194070081,-33.45891,1052.202602270739,185.97897570194485,1025.8885436657788,01m
-68.63611859838275,-33.45891,1054.2029874461584,187.9793608809532,1059.9442752021616,01m
-68.61455525606469,-33.45891,1056.203372621578,189.97974605996163,1059.2994326145538,01m
-68.59299191374663,-33.45891,1058.2037577969975,191.98013123897002,1026.6459576819452,01m
-68.57142857142857,-33.45891,1060.204142972417,193.98051641797844,991.1228000000087,01m
-68.54986522911051,-33.45891,1062.2045281478377,195.98090159698683,977.726321293803,01m
-68.52830188679245,-33.45891,1064.2049133232572,197.98128677599522,983.4214716981114,01m
-68.50673854447439,-33.45891,1066.2052984986767,199.98167195500363,961.4150576819427,01m
-68.48517520215634,-33.45891,1068.205683674095,201.98205713401072,933.8360495956939,01m
-68.46361185983827,-33.45891,1070.2060688495158,203.98244231302039,909.5233088948703,01m
-68.44204851752022,-33.45891,1072.2064540249341,205.98282749202747,881.3516463611808,01m
-68.42048517520216,-33.45891,1074.2068392003548,207.98321267103586,846.8734884097039,01m
-68.3989218328841,-33.45891,1076.2072243757743,209.98359785004428,818.2197137466165,01m
-68.37735849056604,-33.45891,1078.2076095511939,211.98398302905267,790.8394245282897,01m
-68.35579514824798,-33.45891,1080.2079947266134,213.98436820806108,763.3693452830132,01m
-68.33423180592992,-33.45891,1082.208379902033,215.98475338706947,737.5863029649579,01m
-68.31266846361186,-33.45891,1084.2087650774524,217.9851385660779,711.3327013477109,01m
-68.2911051212938,-33.45891,1086.209150252873,219.98552374508625,690.090804312659,01m
-68.26954177897574,-33.45891,1088.2095354282926,221.98590892409464,670.1893900269488,01m
-68.24797843665768,-33.45891,1090.2099206037121,223.98629410310303,653.4491026954158,01m
-68.22641509433961,-33.45891,1092.2103057791317,225.98667928211145,638.8168018867837,01m
-68.20485175202157,-33.45891,1094.21069095455,227.98706446111854,625.5329636118624,01m
-68.18328840970351,-33.45891,1096.2110761299696,229.98744964012693,613.7592797843636,01m
-68.16172506738545,-33.45891,1098.2114613053902,231.98783481913532,605.111816172505,01m
-68.14016172506739,-33.45891,1100.2118464808098,233.98821999814373,595.9597622641508,01m
-68.11859838274933,-33.45891,1102.2122316562293,235.98860517715212,588.660745552557,01m
-68.09703504043127,-33.45891,1104.2126168316488,237.98899035616049,584.1996487870607,01m
-68.0754716981132,-33.45891,1106.2130020070683,239.9893755351689,580.8430396226411,01m
-68.05390835579514,-33.45891,1108.213387182489,241.9897607141773,578.1854752021563,01m
-68.03234501347708,-33.45891,1110.2137723579085,243.9901458931857,575.6258487870623,01m
-68.01078167115902,-33.45891,1112.214157533328,245.9905310721941,573.0602679245269,01m
-67.98921832884096,-33.45891,1114.2145427087476,247.9909162512025,569.5246991913737,01m
-67.96765498652292,-33.45891,1116.214927884166,249.99130143020957,567.273249865229,01m
-67.94609164420486,-33.45891,1118.2153130595855,251.99168660921796,564.461591913747,01m
-67.9245283018868,-33.45891,1120.2156982350061,253.99207178822638,560.9890679245291,01m
-67.90296495956873,-33.45891,1122.2160834104257,255.99245696723477,557.8971919137457,01m
-67.88140161725067,-33.45891,1124.2164685858452,257.99284214624316,554.6446617250668,01m
-67.85983827493261,-33.45891,1126.2168537612647,259.99322732525155,551.5977204851739,01m
-67.83827493261455,-33.45891,1128.2172389366842,261.99361250425994,548.5735053908363,01m
-67.81671159029649,-33.45891,1130.2176241121037,263.99399768326833,546.43412264151,01m
-67.79514824797843,-33.45891,1132.2180092875244,265.9943828622767,543.4458094339616,01m
-67.77358490566037,-33.45891,1134.218394462944,267.99476804128517,540.3719433962262,01m
-67.75202156334231,-33.45891,1136.2187796383635,269.99515322029356,537.9082657681928,01m
-67.73045822102426,-33.45891,1138.2191648137818,271.99553839930064,534.0315884097049,01m
-67.7088948787062,-33.45891,1140.2195499892014,273.99592357830903,529.7616830188684,01m
-67.68733153638814,-33.45891,1142.219935164621,275.9963087573174,526.9477541778971,01m
-67.66576819407008,-33.45891,1144.2203203400416,277.9966939363258,522.6230180592993,01m
-67.64420485175202,-33.45891,1146.220705515461,279.9970791153342,519.90973962264,01m
-67.62264150943396,-33.45891,1148.2210906908806,281.9974642943426,517.468535849056,01m
-67.6010781671159,-33.45891,1150.2214758663001,283.997849473351,515.5601967654984,01m
-67.57951482479784,-33.45891,1152.2218610417196,285.99823465235943,511.980537735849,01m
-67.55795148247978,-33.45891,1154.2222462171403,287.9986198313678,509.2049706199464,01m
-67.53638814016172,-33.45891,1156.2226313925598,289.99900501037615,505.59885822102257,01m
-67.51482479784366,-33.45891,1158.2230165679794,291.99939018938454,501.6941797843657,01m
-67.49326145552561,-33.45891,1160.2234017433977,293.9997753683916,498.31600188679226,01m
-67.47169811320755,-33.45891,1162.2237869188173,296.00016054740007,495.03351132075505,01m
-67.45013477088949,-33.45891,1164.2241720942368,298.00054572640846,491.98345417789835,01m
-67.42857142857143,-33.45891,1166.2245572696575,300.00093090541685,488.5911999999987,01m
-67.40700808625337,-33.45891,1168.224942445077,302.00131608442524,485.22857466307244,01m
-67.38544474393531,-33.45891,1170.2253276204965,304.00170126343363,482.95658975741253,01m
-67.36388140161725,-33.45891,1172.225712795916,306.0020864424421,481.2723617250663,01m
-67.34231805929919,-33.45891,1174.2260979713355,308.00247162145047,479.1827177897566,01m
-67.32075471698113,-33.45891,1176.226483146755,310.0028568004588,476.55613018867865,01m
-67.29919137466307,-33.45891,1178.2268683221757,312.00324197946725,473.622696226415,01m
-67.277628032345,-33.45891,1180.2272534975953,314.00362715847564,470.7129506738528,01m
-67.25606469002696,-33.45891,1182.2276386730136,316.0040123374827,468.1650973045828,01m
-67.2345013477089,-33.45891,1184.2280238484332,318.0043975164911,466.35611347708965,01m
-67.21293800539084,-33.45891,1186.2284090238527,320.0047826954995,463.95692075471686,01m
-67.19137466307278,-33.45891,1188.2287941992722,322.0051678745079,462.72333369272246,01m
-67.16981132075472,-33.45891,1190.2291793746929,324.0055530535163,461.24841886792365,01m
-67.14824797843666,-33.45891,1192.2295645501124,326.0059382325247,459.4609894878705,01m
-67.1266846361186,-33.45891,1194.229949725532,328.00632341153306,463.99498840970614,01m
-67.10512129380054,-33.45891,1196.2303349009514,330.00670859054145,478.3435156334326,01m
-67.08355795148248,-33.45891,1198.230720076371,332.0070937695499,493.6261398921809,01m
-67.06199460916442,-33.45891,1200.2311052517905,334.0074789485583,510.2940369272303,01m
-67.04043126684635,-33.45891,1202.2314904272112,336.0078641275667,527.5232091644245,01m
-67.01886792452831,-33.45891,1204.2318756026295,338.00824930657376,546.7706905660249,01m
-66.99730458221025,-33.45891,1206.232260778049,340.00863448558215,575.6753380053876,01m
-66.97574123989219,-33.45891,1208.2326459534686,342.00901966459054,606.5540353099648,01m
-66.95417789757413,-33.45891,1210.2330311288881,344.00940484359893,630.2566919137521,01m
-66.93261455525607,-33.45891,1212.2334163043076,346.0097900226074,642.943545822101,01m
-66.911051212938,-33.45891,1214.2338014797283,348.01017520161577,627.2586064690042,01m
-66.88948787061994,-33.45891,1216.2341866551478,350.01056038062416,608.1428021563229,01m
-66.86792452830188,-33.45891,1218.2345718305673,352.01094555963255,589.2457528301838,01m
-66.84636118598382,-33.45891,1220.2349570059869,354.0113307386409,564.0273177897535,01m
-66.82479784366576,-33.45891,1222.2353421814064,356.01171591764927,543.1428245283016,01m
-66.8032345013477,-33.45891,1224.235727356827,358.0121010966577,524.92050107817,01m
-66.78167115902966,-33.45891,1226.2361125322454,360.01248627566474,501.4982840970421,01m
-66.7601078167116,-33.45891,1228.236497707665,362.0128714546732,480.79060539084435,01m
-66.73854447439354,-33.45891,1230.2368828830845,364.0132566336816,462.60635606468895,01m
-66.71698113207547,-33.45891,1232.237268058504,366.01364181268997,444.5528132075491,01m
-66.69541778975741,-33.45891,1234.2376532339235,368.01402699169836,431.07150431267166,01m
-66.67385444743935,-33.45891,1236.2380384093442,370.01441217070675,416.49708005390346,01m
-66.6522911051213,-33.45891,1238.2384235847637,372.0147973497152,409.3554304582209,01m
-66.63072776280323,-33.45891,1240.2388087601832,374.0151825287236,411.3485816711649,01m
-66.60916442048517,-33.45891,1242.2391939356028,376.015567707732,421.106730997311,01m
-66.58760107816711,-33.45891,1244.2395791110223,378.01595288674037,432.07076873315737,01m
-66.56603773584905,-33.45891,1246.2399642864418,380.01633806574876,441.80247358490794,01m
-66.544474393531,-33.45891,1248.2403494618613,382.01672324475584,452.475768463605,01m
-66.52291105121293,-33.45891,1250.240734637282,384.0171084237656,464.41969514825587,01m
-66.50134770889488,-33.45891,1252.2411198127004,386.0174936027727,478.8306787061954,01m
-66.47978436657682,-33.45891,1254.24150498812,388.01787878178106,494.95176738544956,01m
-66.45822102425876,-33.45891,1256.2418901635394,390.0182639607894,513.6787776280343,01m
-66.4366576819407,-33.45891,1258.242275338959,392.0186491397978,533.5095571428558,01m
-66.41509433962264,-33.45891,1260.2426605143796,394.0190343188062,555.5470660377471,01m
-66.39353099730458,-33.45891,1262.2430456897991,396.01941949781457,579.3306132075547,01m
-66.37196765498652,-33.45891,1264.2434308652187,398.019804676823,608.7523312668513,01m
-66.35040431266846,-33.45891,1266.2438160406382,400.0201898558314,638.9480353099932,01m
-66.3288409703504,-33.45891,1268.2442012160577,402.0205750348398,663.9148671158986,01m
-66.30727762803234,-33.45891,1270.2445863914784,404.0209602138482,688.1523649595766,01m
-66.28571428571428,-33.45891,1272.244971566898,406.0213453928566,711.2649714285767,01m
-66.26415094339623,-33.45891,1274.2453567423163,408.02173057186366,734.241977358492,01m
-66.24258760107817,-33.45891,1276.2457419177358,410.02211575087205,757.684899191372,01m
-66.22102425876011,-33.45891,1278.2461270931553,412.0225009298805,791.2173374662968,01m
-66.19946091644205,-33.45891,1280.2465122685749,414.0228861088889,812.064833962271,01m
-66.17789757412399,-33.45891,1282.2468974439955,416.0232712878973,833.3382970350431,01m
-66.15633423180593,-33.45891,1284.247282619415,418.02365646690566,853.0084075471872,01m
-66.13477088948787,-33.45891,1286.2476677948346,420.0240416459141,870.8881293800625,01m
-66.11320754716981,-33.45891,1288.248052970254,422.0244268249225,887.6169943396249,01m
-66.09164420485175,-33.45891,1290.2484381456736,424.02481200393083,882.8454417789735,01m
-66.07008086253369,-33.45891,1292.2488233210931,426.0251971829392,864.4504498652302,01m
-66.04851752021563,-33.45891,1294.2492084965138,428.0255823619476,854.0659797843584,01m
-66.02695417789758,-33.45891,1296.2495936719322,430.0259675409547,838.0649566037799,01m
-66.00539083557952,-33.45891,1298.2499788473517,432.0263527199631,827.9347293800558,01m
-65.98382749326146,-33.45891,1300.2503640227712,434.0267378989715,812.436551482479,01m
-65.9622641509434,-33.45891,1302.2507491981908,436.02712307797987,784.967409433965,01m
-65.94070080862534,-33.45891,1304.2511343736103,438.0275082569883,762.2339835579432,01m
-65.91913746630728,-33.45891,1306.251519549031,440.0278934359967,745.0695501347661,01m
-65.89757412398922,-33.45891,1308.2519047244505,442.0282786150051,730.0936177897559,01m
-65.87601078167116,-33.45891,1310.25228989987,444.0286637940135,719.4962606468929,01m
-65.8544474393531,-33.45891,1312.2526750752895,446.02904897302193,706.4121981131998,01m
-65.83288409703503,-33.45891,1314.253060250709,448.0294341520303,690.2086477088909,01m
-65.81132075471697,-33.45891,1316.2534454261297,450.0298193310387,679.8024396226397,01m
-65.78975741239893,-33.45891,1318.253830601548,452.0302045100458,672.1161097035086,01m
-65.76819407008087,-33.45891,1320.2542157769676,454.0305896890542,669.5380633423184,01m
-65.7466307277628,-33.45891,1322.2546009523871,456.0309748680626,671.4914237196754,01m
-65.72506738544475,-33.45891,1324.2549861278067,458.03136004707096,679.7574722371994,01m
-65.70350404312669,-33.45891,1326.2553713032262,460.0317452260793,677.7613719676551,01m
-65.68194070080862,-33.45891,1328.2557564786468,462.0321304050877,663.1576649595695,01m
-65.66037735849056,-33.45891,1330.2561416540664,464.03251558409613,660.7422849056622,01m
-65.6388140161725,-33.45891,1332.256526829486,466.0329007631045,663.4963180593004,01m
-65.61725067385444,-33.45891,1334.2569120049054,468.0332859421129,663.4135865229107,01m
-65.59568733153638,-33.45891,1336.257297180325,470.0336711211213,660.9037463611851,01m
-65.57412398921832,-33.45891,1338.2576823557445,472.0340563001297,668.0746277627999,01m
-65.55256064690028,-33.45891,1340.258067531164,474.0344414791368,696.8256353099612,01m
-65.53099730458221,-33.45891,1342.2584527065835,476.0348266581452,722.9303601078146,01m
-65.50943396226415,-33.45891,1344.258837882003,478.0352118371536,729.9170490566046,01m
-65.4878706199461,-33.45891,1346.2592230574226,480.035597016162,736.3707444743939,01m
-65.46630727762803,-33.45891,1348.259608232842,482.0359821951704,731.9932757412346,01m
-65.44474393530997,-33.45891,1350.2599934082616,484.0363673741788,714.0966277627983,01m
-65.42318059299191,-33.45891,1352.2603785836823,486.0367525531872,694.8241749326141,01m
-65.40161725067385,-33.45891,1354.2607637591018,488.0371377321956,675.4378851751896,01m
-65.38005390835579,-33.45891,1356.2611489345213,490.037522911204,663.4906609164398,01m
-65.35849056603773,-33.45891,1358.2615341099408,492.0379080902124,659.9230754716998,01m
-65.33692722371967,-33.45891,1360.2619192853604,494.03829326922073,659.8384067385452,01m
-65.31536388140162,-33.45891,1362.2623044607788,496.03867844822787,650.6482908355835,01m
-65.29380053908356,-33.45891,1364.2626896361994,498.0390636272362,645.5334881401639,01m
-65.2722371967655,-33.45891,1366.263074811619,500.0394488062446,635.8657733153688,01m
-65.25067385444744,-33.45891,1368.2634599870385,502.03983398525304,634.2526563342328,01m
-65.22911051212938,-33.45891,1370.263845162458,504.04021916426143,635.2688819407015,01m
-65.20754716981132,-33.45891,1372.2642303378775,506.0406043432698,638.5894339622644,01m
-65.18598382749326,-33.45891,1374.2646155132982,508.0409895222782,653.4556808625425,01m
-65.1644204851752,-33.45891,1376.2650006887177,510.0413747012866,701.4084617250767,01m
-65.14285714285714,-33.45891,1378.2653858641372,512.041759880295,711.1452714285374,01m
-65.12129380053908,-33.45891,1380.2657710395567,514.0421450593034,675.5082946091471,01m
-65.09973045822102,-33.45891,1382.2661562149763,516.0425302383118,646.1605927223789,01m
-65.07816711590297,-33.45891,1384.2665413903947,518.0429154173189,650.2780576819484,01m
-65.05660377358491,-33.45891,1386.2669265658142,520.0433005963273,635.5332339622717,01m
-65.03504043126685,-33.45891,1388.2673117412348,522.0436857753357,624.4657035040439,01m
-65.01347708894879,-33.45891,1390.2676969166544,524.0440709543441,604.3407107816754,01m
-64.99191374663073,-33.45891,1392.2680820920739,526.0444561333525,579.4507377358593,01m
-64.97035040431267,-33.45891,1394.2684672674934,528.0448413123609,566.519201078167,01m
-64.94878706199461,-33.45891,1396.268852442913,530.0452264913692,567.1433611859823,01m
-64.92722371967655,-33.45891,1398.2692376183336,532.0456116703776,550.0441676549858,01m
-64.90566037735849,-33.45891,1400.2696227937531,534.045996849386,550.7011433962284,01m
-64.88409703504043,-33.45891,1402.2700079691726,536.0463820283944,547.0343622641499,01m
-64.86253369272237,-33.45891,1404.2703931445922,538.0467672074028,542.1980938005333,01m
-64.84097035040432,-33.45891,1406.2707783200105,540.04715238641,532.4400924528313,01m
-64.81940700808624,-33.45891,1408.2711634954326,542.0475375654196,522.7712056603738,01m
-64.7978436657682,-33.45891,1410.271548670851,544.0479227444267,515.1922229110563,01m
-64.77628032345014,-33.45891,1412.2719338462705,546.0483079234351,502.3518522911121,01m
-64.75471698113208,-33.45891,1414.27231902169,548.0486931024435,489.7548301886794,01m
-64.73315363881402,-33.45891,1416.2727041971095,550.0490782814519,477.4626649595707,01m
-64.71159029649596,-33.45891,1418.273089372529,552.0494634604603,466.50903935309657,01m
-64.6900269541779,-33.45891,1420.2734745479486,554.0498486394687,458.23670350404154,01m
-64.66846361185983,-33.45891,1422.2738597233692,556.0502338184772,449.07388625336887,01m
-64.64690026954177,-33.45891,1424.2742448987888,558.0506189974856,439.21034312667933,01m
-64.62533692722371,-33.45891,1426.2746300742083,560.051004176494,431.3466719676527,01m
-64.60377358490567,-33.45891,1428.2750152496267,562.051389355501,422.30421509433654,01m
-64.58221024258759,-33.45891,1430.2754004250473,564.0517745345106,411.30562803234363,01m
-64.56064690026955,-33.45891,1432.2757856004657,566.0521597135178,398.5422663072781,01m
-64.53908355795149,-33.45891,1434.2761707758864,568.0525448925262,388.92631132075644,01m
-64.51752021563343,-33.45891,1436.276555951306,570.0529300715345,385.375820754718,01m
-64.49595687331536,-33.45891,1438.2769411267254,572.0533152505429,376.9714989218311,01m
-64.4743935309973,-33.45891,1440.277326302145,574.0537004295513,366.8049830188679,01m
-64.45283018867924,-33.45891,1442.2777114775645,576.0540856085597,357.36200943396375,01m
-64.43126684636118,-33.45891,1444.2780966529851,578.0544707875681,350.49600080862336,01m
-64.40970350404312,-33.45891,1446.2784818284047,580.0548559665765,344.7949819406996,01m
-64.38814016172506,-33.45891,1448.2788670038242,582.055241145585,337.980366307272,01m
-64.366576819407,-33.45891,1450.2792521792437,584.0556263245934,329.8278140161676,01m
-64.34501347708894,-33.45891,1452.2796373546632,586.0560115036018,321.9976652291075,01m
-64.3234501347709,-33.45891,1454.2800225300816,588.0563966826088,313.9688673854488,01m
-64.30188679245283,-33.45891,1456.2804077055023,590.0567818616172,309.83990188679377,01m
-64.28032345013477,-33.45891,1458.2807928809218,592.0571670406256,307.0176760107819,01m
-64.25876010781671,-33.45891,1460.2811780563413,594.057552219634,306.20938706199513,01m
-64.23719676549865,-33.45891,1462.2815632317609,596.0579373986425,303.27367681940586,01m
-64.21563342318059,-33.45891,1464.2819484071804,598.0583225776509,301.3017504043126,01m
-64.19407008086253,-33.45891,1466.2823335826,600.0587077566591,299.9576113207548,01m
-64.17250673854447,-33.45891,1468.2827187580206,602.0590929356675,297.49455876010603,01m
-64.15094339622641,-33.45891,1470.28310393344,604.0594781146759,295.6835452830185,01m
-64.12938005390835,-33.45891,1472.2834891088596,606.0598632936843,301.7837525606627,01m
-64.10781671159029,-33.45891,1474.2838742842791,608.0602484726928,319.29410458222617,01m
-64.08625336927224,-33.45891,1476.2842594596975,610.0606336516998,328.5013730458222,01m
-64.06469002695418,-33.45891,1478.284644635117,612.0610188307082,322.85670997304715,01m
-64.04312668463612,-33.45891,1480.2850298105377,614.0614040097166,314.33111671159645,01m
-64.02156334231806,-33.45891,1482.2854149859572,616.061789188725,296.12637924527974,01m
-64.0,-33.45891,1484.2858001613768,618.0621743677334,277.46540000000005,01m
